{
    "loss": 0.7335065007209778,
    "accuracy": 0.9224137663841248
}