{
    "loss": 1.961610198020935,
    "accuracy": 0.8103448152542114
}